triple_id,IKU_id,evidence_trace_level,subject,predicate,object,evidence_summary,claim_category,evidence_role,source_priority,score,distance,interpretive_distance,risk,risk_status,status,release_status,manuscript_use,use_boundary,evidence_matrix_source_id,evidence_matrix_row_id,official_source_id,provenance_status,claim_support_status,provenance_note
IKU01,IKU01,IKU-row,XiabuEmbroidery,officialName,MinjianXiuhuo_XiabuXiu,The official project name is 民间绣活（夏布绣）.,official metadata,official metadata,SRC01:rank_1,10,0,0,low,low,ready,release_ready,case selection,eligible for bounded manuscript claim within stated source scope,unavailable,unavailable,SRC01,official_only,direct,Official online source assertion; no one-to-one PDF evidence-row equivalent is asserted.
IKU02,IKU02,IKU-row,XiabuEmbroidery,listedAs,NationalICHRepresentativeProject,The project is listed as a national ICH representative project in the fourth-batch expansion announced in 2014.,official metadata,official metadata,SRC01:rank_1; SRC02:rank_1,10,0,0,low,low,ready,release_ready,case selection,eligible for bounded manuscript claim within stated source scope,unavailable,unavailable,SRC01/SRC02,official_only,direct,Official online source assertion; no one-to-one PDF evidence-row equivalent is asserted.
IKU03,IKU03,IKU-row,XiabuEmbroidery,hasProjectNo,Ⅶ-77,The record identifies project sequence 853 and project number Ⅶ-77.,official metadata,official metadata,SRC01:rank_1,10,0,0,low,low,ready,release_ready,source inventory,eligible for bounded manuscript claim within stated source scope,unavailable,unavailable,SRC01,official_only,direct,Official online source assertion; no one-to-one PDF evidence-row equivalent is asserted.
IKU04,IKU04,IKU-row,XiabuEmbroidery,category,TraditionalFineArt,The project category is traditional fine arts.,official metadata,classification,SRC01:rank_1,10,0,0,low,low,ready,release_ready,case selection,eligible for bounded manuscript claim within stated source scope,unavailable,unavailable,SRC01,official_only,direct,Official online source assertion; no one-to-one PDF evidence-row equivalent is asserted.
IKU05,IKU05,IKU-row,XiabuEmbroidery,locatedIn,XinyuCity_Jiangxi,"The applying region/unit is Xinyu City, Jiangxi Province.",official metadata,region,SRC01:rank_1,10,0,0,low,low,ready,release_ready,case context,eligible for bounded manuscript claim within stated source scope,unavailable,unavailable,SRC01,official_only,direct,Official online source assertion; no one-to-one PDF evidence-row equivalent is asserted.
IKU06,IKU06,IKU-row,XiabuEmbroidery,protectedBy,JiangxiYuzhouEmbroideryWorkshopCoLtd,"The protection unit is identified as Jiangxi Yuzhou Embroidery Workshop Co., Ltd.",official metadata,institution,SRC01:rank_1,9,0,0,low,low,ready,release_ready,source inventory,eligible for bounded manuscript claim within stated source scope,unavailable,unavailable,SRC01,official_only,direct,Official online source assertion; no one-to-one PDF evidence-row equivalent is asserted.
IKU07,IKU07,IKU-row,XiabuEmbroidery,usesSubstrate,XiabuRamieCloth,Xiabu embroidery is described as embroidery on ramie-woven Xiabu cloth.,direct craft description,material,SRC01:rank_1,9,1,1,low,low,ready,release_ready,IKU sample,eligible for bounded manuscript claim within stated source scope,S12,E042,SRC01,linked_contextual,contextual,Linked to the closest PDF evidence-matrix row by claim category; official source remains the primary KG source.
IKU08,IKU08,IKU-row,XiabuEmbroidery,embeddedIn,JiangxiRamieRegion,The craft is concentrated in ramie-growing areas of Jiangxi and represented by Xinyu.,direct craft description,region-material,SRC01:rank_1,8,1,1,medium,medium,ready,release_ready,case context,eligible for bounded manuscript claim within stated source scope,S12,E042,SRC01,linked_contextual,contextual,Linked to the closest PDF evidence-matrix row by claim category; official source remains the primary KG source.
IKU09,IKU09,IKU-row,XiabuEmbroidery,hasHistoricalClaim,NorthernSongOrigin,The official record presents an origin/continuity claim dating to the Northern Song.,official-source historical claim,history,SRC01:rank_1,7,2,2,medium,medium,review,review_flagged,limitation,retained for transparency and risk inspection; not used as high-strength evidence,S12,E044,SRC01,linked_contextual,contextual,Linked to the closest PDF evidence-matrix row by claim category; official source remains the primary KG source.
IKU10,IKU10,IKU-row,XiabuEmbroidery,associatedWith,WomenCraftCommunity,"Women are described as historically mastering spinning, weaving, tailoring and embroidery in local life.",direct craft description,social history,SRC01:rank_1,8,1,1,medium,medium,ready,release_ready,risk audit,eligible for bounded manuscript claim within stated source scope,S12,E042,SRC01,linked_contextual,contextual,Linked to the closest PDF evidence-matrix row by claim category; official source remains the primary KG source.
IKU11,IKU11,IKU-row,XiabuEmbroidery,requiresProcess,Softening,The process begins with softening/preparing the Xiabu base.,direct craft description,process,SRC01:rank_1,8,1,1,low,low,ready,release_ready,method sample,eligible for bounded manuscript claim within stated source scope,S12,E042,SRC01,linked_contextual,contextual,Linked to the closest PDF evidence-matrix row by claim category; official source remains the primary KG source.
IKU12,IKU12,IKU-row,XiabuEmbroidery,requiresProcess,HeatIroning,Heat-ironing or flattening the Xiabu base is part of the staged preparation.,direct craft description,process,SRC01:rank_1,8,1,1,low,low,ready,release_ready,method sample,eligible for bounded manuscript claim within stated source scope,S12,E042,SRC01,linked_contextual,contextual,Linked to the closest PDF evidence-matrix row by claim category; official source remains the primary KG source.
IKU13,IKU13,IKU-row,XiabuEmbroidery,requiresProcess,Sketching,Designing and sketching are named as part of the workflow.,direct craft description,process,SRC01:rank_1,8,1,1,low,low,ready,release_ready,method sample,eligible for bounded manuscript claim within stated source scope,S12,E042,SRC01,linked_contextual,contextual,Linked to the closest PDF evidence-matrix row by claim category; official source remains the primary KG source.
IKU14,IKU14,IKU-row,XiabuEmbroidery,requiresProcess,FrameMounting,Mounting/stretching the cloth is part of the making process.,direct craft description,process,SRC01:rank_1,8,1,1,low,low,ready,release_ready,method sample,eligible for bounded manuscript claim within stated source scope,S12,E042,SRC01,linked_contextual,contextual,Linked to the closest PDF evidence-matrix row by claim category; official source remains the primary KG source.
IKU15,IKU15,IKU-row,XiabuEmbroidery,requiresProcess,ThreadMatching,Thread matching/color allocation is included in the official process description.,direct craft description,process,SRC01:rank_1,7,1,1,medium,medium,ready,release_ready,method sample,eligible for bounded manuscript claim within stated source scope,S12,E042,SRC01,linked_contextual,contextual,Linked to the closest PDF evidence-matrix row by claim category; official source remains the primary KG source.
IKU16,IKU16,IKU-row,XiabuEmbroidery,usesTechnique,StitchTechnique,The official record lists multiple stitches as the craft repertoire.,direct craft description,technique,SRC01:rank_1,8,1,1,low,low,ready,release_ready,codebook,eligible for bounded manuscript claim within stated source scope,S12,E042,SRC01,linked_contextual,contextual,Linked to the closest PDF evidence-matrix row by claim category; official source remains the primary KG source.
IKU17,IKU17,IKU-row,XiabuEmbroidery,usesTechnique,VoidSolidStitch,Stitches include transparent/base and void-solid effects according to the official description.,direct craft description,technique,SRC01:rank_1,8,1,1,medium,medium,ready,release_ready,triple sample,eligible for bounded manuscript claim within stated source scope,S12,E042,SRC01,linked_contextual,contextual,Linked to the closest PDF evidence-matrix row by claim category; official source remains the primary KG source.
IKU18,IKU18,IKU-row,XiabuEmbroidery,usesTechnique,LayeredStitchRepertoire,"The stitch repertoire includes irregular, crossing, spiral, set/layered or joining techniques.",direct craft description,technique,SRC01:rank_1,8,1,1,medium,medium,ready,release_ready,codebook,eligible for bounded manuscript claim within stated source scope,S12,E042,SRC01,linked_contextual,contextual,Linked to the closest PDF evidence-matrix row by claim category; official source remains the primary KG source.
IKU19,IKU19,IKU-row,XiabuEmbroidery,emphasizes,LineRhythm,The craft emphasizes line as a major expressive element.,formal interpretation,formal,SRC01:rank_1,7,2,2,medium,medium,ready,release_ready,design variable,eligible for bounded manuscript claim within stated source scope,unavailable,unavailable,SRC01,official_context_only,bounded_official_context,Official/high-priority source assertion retained with no asserted one-to-one PDF evidence-row crosswalk; no proxy evidence row is fabricated.
IKU20,IKU20,IKU-row,XiabuEmbroidery,hasAesthetic,SubduedPalette,Color is described as relatively weakened compared with line and texture.,formal interpretation,formal,SRC01:rank_1,7,2,2,medium,medium,ready,release_ready,risk audit,eligible for bounded manuscript claim within stated source scope,unavailable,unavailable,SRC01,official_context_only,bounded_official_context,Official/high-priority source assertion retained with no asserted one-to-one PDF evidence-row crosswalk; no proxy evidence row is fabricated.
IKU21,IKU21,IKU-row,LineRhythm,generatesAesthetic,VoidSolidAmbiguity,"The official description foregrounds relations of void and solid, appearing and disappearing.",formal interpretation,formal,SRC01:rank_1,7,2,2,medium,medium,ready,release_ready,triple sample,eligible for bounded manuscript claim within stated source scope,unavailable,unavailable,SRC01,official_context_only,bounded_official_context,Official/high-priority source assertion retained with no asserted one-to-one PDF evidence-row crosswalk; no proxy evidence row is fabricated.
IKU22,IKU22,IKU-row,XiabuTexture,supports,InkWashFlavor,Xiabu texture is linked with ink-wash flavor in the official description.,formal interpretation,aesthetic,SRC01:rank_1,7,2,2,medium,medium,review,review_flagged,risk audit,retained for transparency and risk inspection; not used as high-strength evidence,unavailable,unavailable,SRC01,official_context_only,bounded_official_context,Official/high-priority source assertion retained with no asserted one-to-one PDF evidence-row crosswalk; no proxy evidence row is fabricated.
IKU23,IKU23,IKU-row,XiabuEmbroidery,transmittedThrough,FamilyAndCommunityMentorship,Transmission is described as occurring among local women through community/family elders.,direct craft description,transmission,SRC01:rank_1,8,1,1,medium,medium,ready,release_ready,method sample,eligible for bounded manuscript claim within stated source scope,S12,E042,SRC01,linked_contextual,contextual,Linked to the closest PDF evidence-matrix row by claim category; official source remains the primary KG source.
IKU24,IKU24,IKU-row,ProductiveProtection,supports,WomenEmployment,"Productive protection is associated with employment, household income and ramie value.",contextual claim,protection,SRC01:rank_1; SRC05:rank_3,6,2,2,high,high,review,review_flagged,risk audit,retained for transparency and risk inspection; not used as high-strength evidence,unavailable,unavailable,SRC01/SRC05,official_context_only,bounded_official_context,Official/high-priority source assertion retained with no asserted one-to-one PDF evidence-row crosswalk; no proxy evidence row is fabricated.
IKU25,IKU25,IKU-row,XiabuEmbroidery,hasInheritor,ZhangXiaohong,Zhang Xiaohong is recorded as a representative inheritor in the national database.,official inheritor record,inheritor,SRC03:rank_2,9,0,0,low,low,ready,release_ready,source inventory,eligible for bounded manuscript claim within stated source scope,unavailable,unavailable,SRC03,official_context_only,bounded_official_context,Official/high-priority source assertion retained with no asserted one-to-one PDF evidence-row crosswalk; no proxy evidence row is fabricated.
IKU26,IKU26,IKU-row,ZhangXiaohong,supportsTransmissionThrough,TrainingWorkshop,"Official and reposted materials frame inheritance through teaching, workshop or institutional training.",contextual claim,training,SRC03:rank_2; SRC05:rank_3,6,2,2,medium,medium,review,review_flagged,appendix,retained for transparency and risk inspection; not used as high-strength evidence,unavailable,unavailable,SRC03/SRC05,official_context_only,bounded_official_context,Official/high-priority source assertion retained with no asserted one-to-one PDF evidence-row crosswalk; no proxy evidence row is fabricated.
IKU27,IKU27,IKU-row,XiabuWeaving,supportsMaterialContextOf,XiabuEmbroidery,Xiabu weaving is a related but separate official ICH project based on ramie fiber and woven cloth.,material context,material support,SRC04:rank_2,8,1,1,low,low,ready,release_ready,negative case,eligible for bounded manuscript claim within stated source scope,unavailable,unavailable,SRC04,official_context_only,bounded_official_context,Official/high-priority source assertion retained with no asserted one-to-one PDF evidence-row crosswalk; no proxy evidence row is fabricated.
IKU28,IKU28,IKU-row,XiabuRamieCloth,affords,Breathability,"Xiabu is described through breathability, coolness, washability and resistance to wrinkling/deformation.",material context,material property,SRC04:rank_2,8,1,1,low,low,ready,release_ready,design variable,eligible for bounded manuscript claim within stated source scope,unavailable,unavailable,SRC04,official_context_only,bounded_official_context,Official/high-priority source assertion retained with no asserted one-to-one PDF evidence-row crosswalk; no proxy evidence row is fabricated.
IKU29,IKU29,IKU-row,RamieFiber,processedThrough,XiabuWeavingWorkflow,"Xiabu production includes ramie planting, raw material preparation and cloth-making procedures.",material context,process,SRC04:rank_2,8,1,1,medium,medium,ready,release_ready,triple sample,eligible for bounded manuscript claim within stated source scope,unavailable,unavailable,SRC04,official_context_only,bounded_official_context,Official/high-priority source assertion retained with no asserted one-to-one PDF evidence-row crosswalk; no proxy evidence row is fabricated.
IKU30,IKU30,IKU-row,XiabuEmbroidery,hasProtectionContext,ContemporaryProductiveProtection,"Contemporary articles discuss rescue collection, innovation and productive protection around Xiabu embroidery.",contextual claim,contemporary transmission,SRC05:rank_3,6,2,2,high,high,review,review_flagged,limitations,retained for transparency and risk inspection; not used as high-strength evidence,unavailable,unavailable,SRC05,official_context_only,bounded_official_context,Official/high-priority source assertion retained with no asserted one-to-one PDF evidence-row crosswalk; no proxy evidence row is fabricated.
IKU31,IKU31,IKU-row,JiangxiICH,framesUseAs,ICHPlusModernLife,"Jiangxi ICH is framed through 'ICH plus' contemporary life, tourism, community and campus applications.",contextual claim,policy context,SRC06:rank_3,5,3,3,high,high,review,review_flagged,limitations,retained for transparency and risk inspection; not used as high-strength evidence,unavailable,unavailable,SRC06,official_context_only,bounded_official_context,Official/high-priority source assertion retained with no asserted one-to-one PDF evidence-row crosswalk; no proxy evidence row is fabricated.
IKU32,IKU32,IKU-row,XiabuEmbroidery,isNotIdenticalTo,XiabuWeaving,Xiabu Embroidery and Xiabu Weaving share material context but are distinct official projects.,boundary relation,boundary control,SRC01:rank_1; SRC04:rank_2,8,1,1,low,low,ready,release_ready,negative case,eligible for bounded manuscript claim within stated source scope,unavailable,unavailable,SRC01/SRC04,official_context_only,bounded_official_context,Official/high-priority source assertion retained with no asserted one-to-one PDF evidence-row crosswalk; no proxy evidence row is fabricated.
